[{"model": "graph.graph", "pk": 1, "fields": {"name": "test_graph", "description": "some description which you can write", "image": "graphs/test_graph_gcKnNHH.png"}}, {"model": "graph.graph", "pk": 2, "fields": {"name": "another_test_graph", "description": "", "image": ""}}, {"model": "graph.graph", "pk": 3, "fields": {"name": "another_test_graph2", "description": "", "image": ""}}, {"model": "graph.graph", "pk": 4, "fields": {"name": "another_test_graph3", "description": "", "image": ""}}, {"model": "graph.graph", "pk": 5, "fields": {"name": "article_v1", "description": "", "image": "graphs/article_v1_BcYrBOv.png"}}, {"model": "graph.vertex", "pk": 1, "fields": {"graph": 1, "VID": 1, "name": "A", "description": ""}}, {"model": "graph.vertex", "pk": 2, "fields": {"graph": 1, "VID": 2, "name": "B", "description": ""}}, {"model": "graph.vertex", "pk": 3, "fields": {"graph": 1, "VID": 3, "name": "C", "description": ""}}, {"model": "graph.vertex", "pk": 4, "fields": {"graph": 1, "VID": 4, "name": "D", "description": ""}}, {"model": "graph.vertex", "pk": 5, "fields": {"graph": 1, "VID": 5, "name": "E", "description": ""}}, {"model": "graph.vertex", "pk": 6, "fields": {"graph": 2, "VID": 1, "name": "Z", "description": ""}}, {"model": "graph.vertex", "pk": 7, "fields": {"graph": 2, "VID": 2, "name": "Y", "description": ""}}, {"model": "graph.vertex", "pk": 8, "fields": {"graph": 2, "VID": 3, "name": "X", "description": ""}}, {"model": "graph.vertex", "pk": 10, "fields": {"graph": 1, "VID": 6, "name": "F", "description": ""}}, {"model": "graph.vertex", "pk": 11, "fields": {"graph": 1, "VID": 7, "name": "G", "description": ""}}, {"model": "graph.vertex", "pk": 12, "fields": {"graph": 1, "VID": 8, "name": "H", "description": ""}}, {"model": "graph.vertex", "pk": 13, "fields": {"graph": 1, "VID": 9, "name": "I", "description": ""}}, {"model": "graph.vertex", "pk": 14, "fields": {"graph": 1, "VID": 10, "name": "J", "description": ""}}, {"model": "graph.vertex", "pk": 15, "fields": {"graph": 5, "VID": 1, "name": "Разложение вектора по базису", "description": ""}}, {"model": "graph.vertex", "pk": 16, "fields": {"graph": 5, "VID": 2, "name": "Представление в виде линейной комбинации", "description": ""}}, {"model": "graph.vertex", "pk": 17, "fields": {"graph": 5, "VID": 3, "name": "Сумма векторов", "description": ""}}, {"model": "graph.vertex", "pk": 18, "fields": {"graph": 5, "VID": 4, "name": "Умножение вектора на число", "description": ""}}, {"model": "graph.vertex", "pk": 19, "fields": {"graph": 5, "VID": 5, "name": "Запись векторного уравнения в виде системы", "description": ""}}, {"model": "graph.vertex", "pk": 20, "fields": {"graph": 5, "VID": 6, "name": "Решение системы уравнений", "description": ""}}, {"model": "graph.vertex", "pk": 21, "fields": {"graph": 5, "VID": 7, "name": "Определить коллинеарны ли векторы", "description": ""}}, {"model": "graph.vertex", "pk": 22, "fields": {"graph": 5, "VID": 8, "name": "Найти угол между векторами", "description": ""}}, {"model": "graph.vertex", "pk": 23, "fields": {"graph": 5, "VID": 9, "name": "Найти косинус угла через скалярное произведение", "description": ""}}, {"model": "graph.vertex", "pk": 24, "fields": {"graph": 5, "VID": 10, "name": "Найти скалярное произведение векторов", "description": ""}}, {"model": "graph.vertex", "pk": 25, "fields": {"graph": 5, "VID": 11, "name": "Найти длину вектора", "description": ""}}, {"model": "graph.vertex", "pk": 26, "fields": {"graph": 5, "VID": 12, "name": "Найти площадь параллелограмма", "description": ""}}, {"model": "graph.vertex", "pk": 27, "fields": {"graph": 5, "VID": 13, "name": "Найти векторное произведение векторов", "description": ""}}, {"model": "graph.vertex", "pk": 28, "fields": {"graph": 5, "VID": 14, "name": "Найти площадь параллелограмма геометрически", "description": "через синус"}}, {"model": "graph.vertex", "pk": 29, "fields": {"graph": 5, "VID": 15, "name": "Найти площадь параллелограмма аналитически", "description": "через модуль в.п."}}, {"model": "graph.vertex", "pk": 30, "fields": {"graph": 5, "VID": 16, "name": "Определить компланарны ли векторы", "description": ""}}, {"model": "graph.vertex", "pk": 31, "fields": {"graph": 5, "VID": 17, "name": "Найти смешанное произведение векторов", "description": ""}}, {"model": "graph.vertex", "pk": 32, "fields": {"graph": 5, "VID": 18, "name": "Найти смешанное произведение векторов через определитель", "description": ""}}, {"model": "graph.vertex", "pk": 33, "fields": {"graph": 5, "VID": 19, "name": "Найти определитель матрицы", "description": ""}}, {"model": "graph.vertex", "pk": 34, "fields": {"graph": 5, "VID": 20, "name": "Найти смешанное произведение векторов по определению", "description": "через в.п. и с.п."}}, {"model": "graph.vertex", "pk": 35, "fields": {"graph": 5, "VID": 21, "name": "Найти объем параллелепипеда", "description": ""}}, {"model": "graph.vertex", "pk": 36, "fields": {"graph": 5, "VID": 22, "name": "Найти объем тетраэдра", "description": ""}}, {"model": "graph.vertex", "pk": 37, "fields": {"graph": 5, "VID": 23, "name": "Найти объем тетраэдра геометрически", "description": "через площадь на высоту"}}, {"model": "graph.vertex", "pk": 38, "fields": {"graph": 5, "VID": 24, "name": "Найти объем тетраэдра через объем параллелепипеда", "description": ""}}, {"model": "graph.vertex", "pk": 39, "fields": {"graph": 5, "VID": 25, "name": "Найти высоту тетраэдра", "description": ""}}, {"model": "graph.edge", "pk": 1, "fields": {"source": 1, "target": 2, "description": ""}}, {"model": "graph.edge", "pk": 2, "fields": {"source": 3, "target": 3, "description": ""}}, {"model": "graph.edge", "pk": 3, "fields": {"source": 4, "target": 5, "description": ""}}, {"model": "graph.edge", "pk": 4, "fields": {"source": 5, "target": 4, "description": ""}}, {"model": "graph.edge", "pk": 5, "fields": {"source": 4, "target": 1, "description": ""}}, {"model": "graph.edge", "pk": 7, "fields": {"source": 11, "target": 5, "description": ""}}, {"model": "graph.edge", "pk": 8, "fields": {"source": 5, "target": 12, "description": ""}}, {"model": "graph.edge", "pk": 9, "fields": {"source": 12, "target": 13, "description": ""}}, {"model": "graph.edge", "pk": 10, "fields": {"source": 16, "target": 15, "description": ""}}, {"model": "graph.edge", "pk": 11, "fields": {"source": 17, "target": 16, "description": ""}}, {"model": "graph.edge", "pk": 12, "fields": {"source": 18, "target": 16, "description": ""}}, {"model": "graph.edge", "pk": 13, "fields": {"source": 19, "target": 15, "description": ""}}, {"model": "graph.edge", "pk": 14, "fields": {"source": 20, "target": 15, "description": ""}}, {"model": "graph.edge", "pk": 15, "fields": {"source": 18, "target": 21, "description": ""}}, {"model": "graph.edge", "pk": 16, "fields": {"source": 19, "target": 21, "description": ""}}, {"model": "graph.edge", "pk": 17, "fields": {"source": 23, "target": 22, "description": ""}}, {"model": "graph.edge", "pk": 18, "fields": {"source": 24, "target": 23, "description": ""}}, {"model": "graph.edge", "pk": 19, "fields": {"source": 25, "target": 23, "description": ""}}, {"model": "graph.edge", "pk": 22, "fields": {"source": 28, "target": 26, "description": ""}}, {"model": "graph.edge", "pk": 23, "fields": {"source": 29, "target": 26, "description": ""}}, {"model": "graph.edge", "pk": 24, "fields": {"source": 25, "target": 28, "description": ""}}, {"model": "graph.edge", "pk": 25, "fields": {"source": 22, "target": 28, "description": ""}}, {"model": "graph.edge", "pk": 26, "fields": {"source": 27, "target": 29, "description": ""}}, {"model": "graph.edge", "pk": 27, "fields": {"source": 25, "target": 29, "description": ""}}, {"model": "graph.edge", "pk": 28, "fields": {"source": 31, "target": 30, "description": ""}}, {"model": "graph.edge", "pk": 29, "fields": {"source": 32, "target": 31, "description": ""}}, {"model": "graph.edge", "pk": 30, "fields": {"source": 33, "target": 32, "description": ""}}, {"model": "graph.edge", "pk": 31, "fields": {"source": 34, "target": 31, "description": ""}}, {"model": "graph.edge", "pk": 32, "fields": {"source": 24, "target": 34, "description": ""}}, {"model": "graph.edge", "pk": 33, "fields": {"source": 27, "target": 34, "description": ""}}, {"model": "graph.edge", "pk": 34, "fields": {"source": 31, "target": 35, "description": ""}}, {"model": "graph.edge", "pk": 35, "fields": {"source": 25, "target": 35, "description": ""}}, {"model": "graph.edge", "pk": 37, "fields": {"source": 37, "target": 36, "description": ""}}, {"model": "graph.edge", "pk": 38, "fields": {"source": 38, "target": 36, "description": ""}}, {"model": "graph.edge", "pk": 39, "fields": {"source": 35, "target": 38, "description": ""}}, {"model": "graph.edge", "pk": 40, "fields": {"source": 37, "target": 39, "description": ""}}, {"model": "graph.edge", "pk": 41, "fields": {"source": 38, "target": 39, "description": ""}}]